final_score,ALPHA,TT_ADJUST,T_0
11.514094819898082,2.675903875104935e-06,12.040510653636298,14367.192125562098
